1,Valentin,Kersley,2016-06-15
2,Shannon,O'Crevy,2018-06-15
3,Harmonie,Bridie,2016-06-15
4,Torrance,Daburn,2014-06-15
5,Elita,Hemphrey,2018-06-15
6,Pyotr,Corkish,2015-06-15
7,Marten,Bulfoy,2015-06-15
8,Brock,Petti,2016-06-15
9,Loise,Limpricht,2016-06-15
10,Harris,Ripley,2014-06-15
11,Dinny,Lagen,2015-06-15
12,Boy,Baden,2014-06-15
13,Gwendolyn,Amerighi,2016-06-15
14,Ilsa,Tigwell,2016-06-15
15,Brittaney,Phelip,2016-06-15
16,Tim,Tyt,2016-06-15
17,Alyse,Dutteridge,2015-06-15
18,Annemarie,O'Carran,2016-06-15
19,Gizela,McAviy,2016-06-15
20,Mike,Beams,2015-06-15
21,Florella,Lorman,2015-06-15
22,Leyla,Follacaro,2016-06-15
23,Brana,Duffin,2016-06-15
24,Merline,Jimes,2016-06-15
25,Quinlan,Attard,2015-06-15
26,Ewell,Cheesman,2017-06-15
27,Mordy,Dominick,2015-06-15
28,Weston,Steutly,2015-06-15
29,Lorinda,Penketh,2015-06-15
30,Guss,Blanpein,2018-06-15
31,Viola,Cawood,2017-06-15
32,Sutton,Eim,2016-06-15
33,Prentice,Keeltagh,2015-06-15
34,Franciska,Zuker,2018-06-15
35,Lynea,Antat,2016-06-15
36,Victor,Rydzynski,2015-06-15
37,Dotti,Zamorano,2016-06-15
38,Rustin,O'Mannion,2017-06-15
39,Marylin,Grayshon,2017-06-15
40,Berky,Thebe,2014-06-15
41,Sandra,Lonie,2017-06-15
42,Esta,Olding,2015-06-15
43,Britta,Springell,2014-06-15
44,Berget,Varley,2014-06-15
45,Adey,Ohms,2016-06-15
46,Durante,Kemmett,2015-06-15
47,Brander,Dulson,2015-06-15
48,Inger,Gunning,2017-06-15
49,Dorey,Romke,2014-06-15
50,Norry,O' Donohoe,2015-06-15
51,Dorelia,Divill,2015-06-15
52,Lorrayne,Belk,2017-06-15
53,Leelah,Plume,2016-06-15
54,Marne,Halliburton,2017-06-15
55,Mella,Menelaws,2017-06-15
56,Frederic,Summersby,2017-06-15
57,Christyna,Minshull,2015-06-15
58,Jedidiah,Folke,2015-06-15
59,Vere,Allsup,2018-06-15
60,Cobby,Moline,2015-06-15
61,Fernanda,Banbrook,2016-06-15
62,Doris,Arpe,2014-06-15
63,Alexander,Durnill,2016-06-15
64,Rivy,Bottoner,2015-06-15
65,Al,Pane,2017-06-15
66,Mildred,Basley,2014-06-15
67,Tera,Akaster,2015-06-15
68,Willamina,Marcinkus,2015-06-15
69,Obed,Poytress,2018-06-15
70,Veronika,Brech,2014-06-15
71,Poppy,Calwell,2017-06-15
72,Corinna,Lemmer,2016-06-15
73,Hayyim,Funnell,2016-06-15
74,Rafe,Claydon,2015-06-15
75,Cheston,Kos,2014-06-15
76,Cleon,Cruces,2016-06-15
77,Gnni,Waghorn,2016-06-15
78,Johny,Alfonsetto,2018-06-15
79,Matthias,Marples,2016-06-15
80,Patric,Castletine,2015-06-15
81,Taddeusz,Beagen,2014-06-15
82,Roscoe,Rylstone,2017-06-15
83,Lyndsey,Attwill,2016-06-15
84,Marie,Gives,2014-06-15
85,Joel,Branford,2018-06-15
86,Kelcie,Gledhill,2014-06-15
87,Griswold,Danson,2015-06-15
88,Winthrop,Mundford,2015-06-15
89,Clarisse,Fletcher,2016-06-15
90,Maurizia,Brunn,2014-06-15
91,Lurlene,Bickle,2014-06-15
92,Ravid,Rowntree,2017-06-15
93,Julia,Blincowe,2016-06-15
94,Blake,Dargavel,2015-06-15
95,Hieronymus,Byres,2017-06-15
96,Ethelind,Bernhard,2017-06-15
97,Grete,McGarry,2015-06-15
98,Ripley,Greenroyd,2016-06-15
99,Erhard,Bonnaire,2015-06-15
100,Rosie,Heel,2016-06-15
101,Nadeen,McNamee,2016-06-15
102,Clarette,Dunlop,2016-06-15
103,Tommie,O'Hagerty,2015-06-15
104,Liana,Lovering,2017-06-15
105,Karen,Truggian,2015-06-15
106,Odella,Surmeir,2018-06-15
107,Jodi,Stedman,2017-06-15
108,Berkeley,Snelle,2018-06-15
109,Elene,Cow,2017-06-15
110,Brandie,Hounihan,2016-06-15
111,Robinette,Bodman,2016-06-15
112,Blake,Jeannaud,2018-06-15
113,Forbes,Twigger,2016-06-15
114,Selma,O'Spillane,2015-06-15
115,Clementina,Frude,2017-06-15
116,Lammond,Baseley,2016-06-15
117,Marcelline,Perford,2017-06-15
118,Katuscha,Sellman,2014-06-15
119,Georgeta,Gantley,2015-06-15
120,Alexandr,Harragin,2015-06-15
121,Elvira,Pim,2016-06-15
122,Fidela,Zamboniari,2017-06-15
123,Loree,Calven,2016-06-15
124,Meriel,Ivey,2014-06-15
125,Glennis,Greenhalf,2017-06-15
126,Lydie,Hasard,2015-06-15
127,Desmund,McGraith,2015-06-15
128,Lyell,Skakunas,2015-06-15
129,Filberte,Dethloff,2018-06-15
130,Corabel,Delamar,2016-06-15
131,Stephenie,Sidden,2016-06-15
132,Suki,Cavy,2017-06-15
133,Staffard,Preon,2016-06-15
134,Nahum,Cotty,2018-06-15
135,Pryce,Dormer,2016-06-15
136,Bernadina,Cardo,2015-06-15
137,Alfy,Eade,2016-06-15
138,Dionisio,Sempill,2014-06-15
139,Lewes,Curee,2014-06-15
140,Marianne,Todhunter,2015-06-15
141,Ruben,Haquard,2014-06-15
142,Adelle,Mannock,2015-06-15
143,Pacorro,Ramey,2016-06-15
144,Winnifred,Stubbs,2017-06-15
145,Dee,Kingscote,2016-06-15
146,Jacki,Stanning,2017-06-15
147,Lib,Chasier,2018-06-15
148,Cynthie,Cordelet,2016-06-15
149,Zarah,Beebee,2017-06-15
150,Gwenny,Golsworthy,2017-06-15
151,Sheilakathryn,Gilchrest,2017-06-15
152,Dorella,Bloschke,2016-06-15
153,Kizzee,Sheering,2016-06-15
154,Julian,Cockle,2016-06-15
155,Staford,Beningfield,2017-06-15
156,Carmina,Garz,2014-06-15
157,Garik,Birdseye,2017-06-15
158,Randolf,Iacomelli,2014-06-15
159,Christoph,Berry,2015-06-15
160,Gaven,Oakenfall,2017-06-15
161,Audry,Beaudry,2017-06-15
162,Caressa,January 1st,2017-06-15
163,Brita,Sutehall,2017-06-15
164,Alikee,Stodd,2018-06-15
165,Hube,Pawelczyk,2017-06-15
166,Lorrie,Spellissy,2015-06-15
167,Beatrice,Varden,2014-06-15
168,Martha,Tweedie,2017-06-15
169,Mada,Hulburt,2017-06-15
170,Jenna,Pettingill,2017-06-15
171,Ceciley,Gerleit,2016-06-15
172,Reba,Tudge,2014-06-15
173,Marylin,Inglesent,2018-06-15
174,Vanni,Iannello,2018-06-15
175,Appolonia,Lorroway,2018-06-15
176,Iolanthe,Rajchert,2014-06-15
177,Bucky,Feek,2014-06-15
178,Bird,Hedditeh,2017-06-15
179,Lester,Weblin,2017-06-15
180,Rutter,Ramas,2016-06-15
181,Vivia,McFetrich,2016-06-15
182,Olympie,Heel,2016-06-15
183,Deva,Mussetti,2018-06-15
184,Alaine,Ghidelli,2016-06-15
185,Kendal,Berthod,2017-06-15
186,Quinlan,Catmull,2015-06-15
187,Camila,Corroyer,2014-06-15
188,Roshelle,Allonby,2016-06-15
189,Anabal,Reding,2015-06-15
190,Alanah,Schouthede,2014-06-15
191,Leila,McLeese,2017-06-15
192,Hayley,Lemmers,2018-06-15
193,Sibelle,Dilon,2017-06-15
194,Annmaria,Wrey,2015-06-15
195,Grace,Tinson,2018-06-15
196,Sadie,Marrows,2016-06-15
197,Fonz,Paniman,2015-06-15
198,Johanna,Storks,2016-06-15
199,Ingrim,Walford,2016-06-15
200,Thatcher,Brayfield,2016-06-15
201,Adrienne,Clover,2017-06-15
202,Torey,Odo,2014-06-15
203,Morgen,Hallowes,2015-06-15
204,Ricky,Chown,2017-06-15
205,Joby,Naptine,2015-06-15
206,Karol,Tallis,2015-06-15
207,Sibyl,Lemonby,2017-06-15
208,Ernest,Thing,2015-06-15
209,Meghann,Jankowski,2016-06-15
210,Ardelis,Lemmertz,2015-06-15
211,Gretel,Hatwell,2017-06-15
212,Page,Lochran,2016-06-15
213,Neddie,Crofts,2016-06-15
214,Roshelle,Temperley,2016-06-15
215,Meris,Haxbie,2014-06-15
216,Durant,Forrington,2017-06-15
217,Bernadine,Tunesi,2015-06-15
218,Shelton,Dobing,2015-06-15
219,Graham,Bernlin,2015-06-15
220,Kissee,Scain,2018-06-15
221,Howard,Sharpless,2016-06-15
222,Raynor,Youngman,2016-06-15
223,Mair,Keeting,2015-06-15
224,Deonne,Keinrat,2014-06-15
225,Cale,Causnett,2014-06-15
226,Kathe,Horsburgh,2016-06-15
227,Ashia,Garretts,2015-06-15
228,Kendal,Leibold,2016-06-15
229,Saidee,Barrell,2014-06-15
230,Jabez,Maylour,2015-06-15
231,Brantley,Arents,2016-06-15
232,Joellyn,Hebdon,2016-06-15
233,Shepard,Poznan,2016-06-15
234,Aldin,Chatin,2016-06-15
235,Con,Tissington,2017-06-15
236,Vida,Palister,2017-06-15
237,Morganne,Austen,2018-06-15
238,Casar,Gergus,2017-06-15
239,Rafaellle,Andreasson,2014-06-15
240,Codi,Patrie,2015-06-15
241,Aundrea,De-Ville,2014-06-15
242,Aurie,Gaskamp,2015-06-15
243,Illa,McCoughan,2018-06-15
244,Cleveland,Gormley,2017-06-15
245,Horatia,Riccio,2018-06-15
246,Laraine,McEllen,2017-06-15
247,Vivyan,Ryley,2018-06-15
248,Mirabelle,Ellissen,2015-06-15
249,Idelle,Rabier,2015-06-15
250,Bertine,Robjant,2017-06-15
251,Jud,Akaster,2014-06-15
252,Aldon,Carefull,2017-06-15
253,Annetta,Spirritt,2018-06-15
254,Maridel,Gladdin,2017-06-15
255,Nap,Sealeaf,2015-06-15
256,Sibeal,Milton-White,2016-06-15
257,Cassandry,Suttaby,2016-06-15
258,Homere,Pendred,2014-06-15
259,Alice,Shotboult,2017-06-15
260,Gabey,Tendahl,2017-06-15
261,Gratia,Collinwood,2017-06-15
262,Dianna,Praton,2018-06-15
263,Jocelin,Giannasi,2016-06-15
264,Stephannie,Leemans,2016-06-15
265,Quinlan,Berrington,2016-06-15
266,Freddie,Amorine,2018-06-15
267,Brose,Ogle,2015-06-15
268,Tait,Hoogendorp,2015-06-15
269,Atlanta,Fallowes,2015-06-15
270,Galen,Grugerr,2016-06-15
271,Lita,D'Hooge,2017-06-15
272,Babbie,Gallelli,2017-06-15
273,Murvyn,Parkhouse,2015-06-15
274,Lalo,Calvey,2017-06-15
275,Marna,Catherine,2015-06-15
276,Howard,Karlsson,2016-06-15
277,Ingmar,Kent,2016-06-15
278,Conn,Pope,2016-06-15
279,Saleem,Skoggings,2017-06-15
280,Ulric,Edgson,2017-06-15
281,Alla,Groveham,2015-06-15
282,Katherine,Lepick,2015-06-15
283,Rafael,Hendrickx,2016-06-15
284,Ingaberg,Langlands,2018-06-15
285,Barbee,Eddicott,2015-06-15
286,Guntar,Faux,2015-06-15
287,Baillie,Hegerty,2015-06-15
288,Hamish,Shadwick,2016-06-15
289,Elsa,Graal,2017-06-15
290,Stephenie,Ianno,2016-06-15
291,Shanna,Bris,2016-06-15
292,Vivianna,Claw,2015-06-15
293,Sydelle,Skyrm,2016-06-15
294,Katlin,Coling,2016-06-15
295,Tailor,Elward,2015-06-15
296,Joletta,Manie,2016-06-15
297,Temp,Fields,2017-06-15
298,Giacobo,Isley,2015-06-15
299,Zachariah,Holston,2018-06-15
300,Tiler,Quiddihy,2017-06-15
301,Rogers,Ghilardi,2017-06-15
302,Florina,Luckie,2018-06-15
303,Sayer,Leaver,2017-06-15
304,Alisha,Tincey,2015-06-15
305,Sioux,Basketter,2015-06-15
306,Reeba,Allenson,2017-06-15
307,Kalil,Asling,2015-06-15
308,Dur,Phelipeau,2014-06-15
309,Ted,Birkhead,2014-06-15
310,Hugh,Youel,2018-06-15
311,Welby,Pariss,2015-06-15
312,Cassy,Graysmark,2015-06-15
313,Rianon,Cherrington,2018-06-15
314,Randell,Symmers,2016-06-15
315,Ardelia,Selliman,2018-06-15
316,Floria,Tuck,2016-06-15
317,Svend,Babcock,2015-06-15
318,Lia,Gedney,2017-06-15
319,Marven,Tupie,2017-06-15
320,Torrance,Stilgo,2018-06-15
321,Fredia,Scrivin,2017-06-15
322,Elva,Munton,2017-06-15
323,Grata,Danilishin,2014-06-15
324,Benito,Pitcaithley,2015-06-15
325,Bevvy,Simkiss,2018-06-15
326,Marcie,Dally,2018-06-15
327,Gerome,Botwood,2016-06-15
328,Brice,Fawke,2017-06-15
329,Moina,VanBrugh,2018-06-15
330,Crista,Harpin,2015-06-15
331,Zane,Vescovini,2015-06-15
332,Shantee,Bukowski,2015-06-15
333,Garvey,Hargrove,2017-06-15
334,Jeffy,Lewinton,2017-06-15
335,Clayborne,Letts,2017-06-15
336,Lindsay,Learned,2016-06-15
337,Jaquenette,Dorey,2015-06-15
338,Ozzy,Duffer,2015-06-15
339,Jae,Swoffer,2017-06-15
340,Harbert,Maddaford,2017-06-15
341,Beverlie,Sandars,2017-06-15
342,Gardie,Pay,2015-06-15
343,Kamila,Couchman,2015-06-15
344,Emmerich,MacCurtain,2014-06-15
345,Alika,Bitterton,2018-06-15
346,Everard,Josefer,2015-06-15
347,Winthrop,Kupka,2016-06-15
348,Graeme,Brittain,2017-06-15
349,Haily,Ganter,2015-06-15
350,Yuri,Ridder,2016-06-15
351,Ardeen,Geer,2017-06-15
352,Gwenneth,McAvin,2014-06-15
353,Ninon,Roder,2014-06-15
354,Franklyn,Jacquot,2016-06-15
355,Mirilla,Snoxall,2017-06-15
356,Gigi,Deverose,2017-06-15
357,Eadmund,Pappi,2017-06-15
358,Marne,Loalday,2015-06-15
359,Ellis,St Louis,2015-06-15
360,Joey,Hugh,2016-06-15
361,Marie,Pentycross,2016-06-15
362,Muire,Ambrogi,2015-06-15
363,Lorena,Skym,2015-06-15
364,Filia,Peaker,2016-06-15
365,Benny,Skinner,2015-06-15
366,Mirna,Warby,2014-06-15
367,Esteban,Filppetti,2015-06-15
368,Tuck,Clowsley,2016-06-15
369,Weidar,Sidgwick,2015-06-15
370,Inge,Bakeup,2016-06-15
371,Bunni,Dartnell,2014-06-15
372,Jenny,Bradford,2015-06-15
373,Jordana,Wasteney,2017-06-15
374,Coral,Chippendale,2014-06-15
375,Vivyanne,Whopples,2015-06-15
376,Sloane,Kelloway,2017-06-15
377,Clary,Letty,2014-06-15
378,Anna-diane,Jonah,2015-06-15
379,Larine,McKyrrelly,2016-06-15
380,Jose,Arkell,2014-06-15
381,Elora,Cardiff,2016-06-15
382,Hailee,Bowness,2015-06-15
383,Augusta,Anfonsi,2015-06-15
384,Idalia,Wozencraft,2016-06-15
385,Sara-ann,Hayball,2017-06-15
386,Margaux,Hambly,2016-06-15
387,Karlie,Reams,2016-06-15
388,Holt,Donisi,2018-06-15
389,Martie,O'Neary,2016-06-15
390,Sibby,Durdy,2017-06-15
391,Dacie,Grierson,2017-06-15
392,Betti,Vatini,2016-06-15
393,Shayla,Paunton,2014-06-15
394,Chastity,Alday,2018-06-15
395,Cosme,Tolley,2014-06-15
396,Bobbette,Pretor,2016-06-15
397,Larine,Bahl,2015-06-15
398,Elene,Piatto,2017-06-15
399,Shirleen,Khomich,2016-06-15
400,Claire,Parken,2017-06-15
401,Emmett,Peltzer,2016-06-15
402,Tate,Filippone,2017-06-15
403,Silvana,Findlater,2015-06-15
404,Colette,Adney,2015-06-15
405,Wenona,Rayne,2015-06-15
406,Raye,Sames,2017-06-15
407,Merrill,Besset,2016-06-15
408,Agna,Ondrasek,2017-06-15
409,Ralph,Dowzell,2014-06-15
410,Ruperto,Malster,2016-06-15
411,Selig,Jeanet,2015-06-15
412,Malanie,Alam,2017-06-15
413,Arri,Furtado,2015-06-15
414,Hazlett,Shapera,2017-06-15
415,Donnell,Echlin,2016-06-15
416,Maryanne,Darleston,2016-06-15
417,Issiah,Sirkett,2017-06-15
418,Laughton,Orrill,2015-06-15
419,Estevan,Stapleton,2015-06-15
420,Damara,Leiden,2017-06-15
421,Benjamin,Spring,2015-06-15
422,Angil,Yukhnin,2016-06-15
423,Nahum,Copas,2016-06-15
424,Dion,Harms,2017-06-15
425,Lyndel,Jeffries,2015-06-15
426,Puff,Beidebeke,2016-06-15
427,Maggi,Gaishson,2016-06-15
428,Shurlock,Antonovic,2015-06-15
429,Farlie,Maidens,2014-06-15
430,Darrelle,McGeechan,2016-06-15
431,Alonzo,Huckerbe,2014-06-15
432,Andros,De Marchi,2018-06-15
433,Emanuel,Tonkin,2017-06-15
434,Ariadne,Haslegrave,2015-06-15
435,Avrit,Hazard,2017-06-15
436,Ezra,Bretherick,2017-06-15
437,Sigvard,Panyer,2017-06-15
438,Cyrill,Osborne,2016-06-15
439,Magda,O'Sheils,2015-06-15
440,Forrester,Van Arsdale,2016-06-15
441,Bartlet,Allsebrook,2017-06-15
442,Gabie,Giraths,2017-06-15
443,Yoshi,Baxstare,2016-06-15
444,Carolin,Hulle,2015-06-15
445,Emmanuel,Balharry,2016-06-15
446,Annnora,Sawday,2014-06-15
447,Adda,Bearman,2016-06-15
448,Amanda,Croisdall,2015-06-15
449,Maurits,Bonds,2016-06-15
450,Paxon,Delgua,2017-06-15
451,Berti,Yele,2015-06-15
452,Josias,Slott,2017-06-15
453,Monah,Basso,2018-06-15
454,Marillin,Semechik,2016-06-15
455,Beth,Langcastle,2015-06-15
456,Rena,Antowski,2015-06-15
457,Cass,Biggerdike,2015-06-15
458,Barbee,Keese,2016-06-15
459,Gordan,Brannigan,2016-06-15
460,Simmonds,Althrop,2017-06-15
461,Genia,Mallindine,2014-06-15
462,Issie,Pocknell,2018-06-15
463,Rosalinda,Baert,2016-06-15
464,Kiley,Capin,2017-06-15
465,Torey,Fruchter,2015-06-15
466,Yoshiko,des Remedios,2014-06-15
467,Gabriello,Readmire,2016-06-15
468,Richmond,Stentiford,2016-06-15
469,Clemmie,Hek,2015-06-15
470,Mahmud,Manifield,2015-06-15
471,Zebedee,Georgeot,2016-06-15
472,Lisle,Briiginshaw,2014-06-15
473,Malina,Paling,2014-06-15
474,Artemas,Giblett,2015-06-15
475,Ynes,Thornebarrow,2014-06-15
476,Hillary,Warner,2015-06-15
477,Lewie,Colten,2014-06-15
478,Aurie,Ewols,2015-06-15
479,Jennie,Dearle,2017-06-15
480,Elijah,Risso,2016-06-15
481,Mariska,Balog,2014-06-15
482,Parsifal,Lithcow,2016-06-15
483,Lemuel,Sibbert,2015-06-15
484,Florrie,Branca,2016-06-15
485,Vilhelmina,Grono,2017-06-15
486,Sal,Croughan,2015-06-15
487,Herman,Semrad,2018-06-15
488,Georges,Bredgeland,2015-06-15
489,Hanna,Charsley,2016-06-15
490,Michaelina,Orbine,2017-06-15
491,Lucias,Brookwell,2015-06-15
492,Hanson,Dillon,2017-06-15
493,Pearle,Grimble,2016-06-15
494,Pauli,Jepps,2017-06-15
495,Fabien,Birrell,2017-06-15
496,Anett,Sappson,2015-06-15
497,Kittie,Hounsham,2014-06-15
498,Wilmar,Jolley,2016-06-15
499,Clarine,Kington,2015-06-15
500,Denys,Spleving,2015-06-15
501,Chane,Davydzenko,2015-06-15
502,Elisha,Pipe,2016-06-15
503,Karie,Everwin,2016-06-15
504,Cordula,Bibb,2014-06-15
505,Boigie,Sanpher,2016-06-15
506,Jerrilee,Morewood,2016-06-15
507,Malvin,Moylan,2014-06-15
508,Curt,McHale,2016-06-15
509,Allen,Cattemull,2015-06-15
510,Christoforo,Ferry,2018-06-15
511,Casey,Loisi,2017-06-15
512,Oswald,Tinner,2016-06-15
513,Melany,Willshire,2014-06-15
514,Nadya,Akeherst,2014-06-15
515,Jareb,Fencott,2015-06-15
516,Lorenzo,Springle,2016-06-15
517,Quinta,Carle,2016-06-15
518,Tobias,Spadeck,2015-06-15
519,Jocko,Ducarne,2015-06-15
520,West,Lightfoot,2015-06-15
521,Fania,Nannini,2015-06-15
522,Jenni,Iacovucci,2014-06-15
523,Emmalee,Berdale,2016-06-15
524,Aurea,Aylwin,2017-06-15
525,Trenton,Blankenship,2015-06-15
526,Yule,Deelay,2015-06-15
527,Hedy,Ballintyne,2016-06-15
528,Patin,Carsberg,2018-06-15
529,Ira,Carnall,2014-06-15
530,Dorette,Tolliday,2014-06-15
531,Sibeal,Sollis,2017-06-15
532,Nessy,Anan,2017-06-15
533,Waverley,McNess,2015-06-15
534,Dalia,Venditto,2016-06-15
535,Gabriele,De Benedictis,2015-06-15
536,Casar,Pimme,2016-06-15
537,Erica,Giffon,2017-06-15
538,Pearla,Cometti,2017-06-15
539,Cos,Matantsev,2017-06-15
540,Langsdon,McArley,2015-06-15
541,Essy,Toffoloni,2016-06-15
542,Rich,Gravett,2018-06-15
543,Ransell,Robeson,2015-06-15
544,Hayyim,Mateescu,2017-06-15
545,Glynnis,Egre,2017-06-15
546,Sissie,Leving,2015-06-15
547,Dillie,Furmedge,2016-06-15
548,Marlane,Labell,2016-06-15
549,Celestyn,Tooker,2018-06-15
550,Rois,Corstan,2016-06-15
551,Mari,Steinor,2015-06-15
552,Samantha,Hunton,2015-06-15
553,Amelita,Langland,2014-06-15
554,Betteann,McCrostie,2018-06-15
555,Bald,Tomankiewicz,2017-06-15
556,Alex,Abbay,2015-06-15
557,Lanita,Cicconettii,2015-06-15
558,Arch,Markham,2016-06-15
559,Corene,Ellings,2018-06-15
560,Maggee,Davana,2014-06-15
561,Angy,Gemmill,2014-06-15
562,Abbie,McConnell,2017-06-15
563,Arny,Lundberg,2014-06-15
564,Sherline,Burton,2014-06-15
565,Chloe,Antoszczyk,2016-06-15
566,Klemens,Bellwood,2015-06-15
567,Berk,Colter,2017-06-15
568,Llywellyn,Rebichon,2016-06-15
569,Herold,Perrelle,2014-06-15
570,Edan,Henrot,2016-06-15
571,Merci,Conti,2016-06-15
572,Ricki,Quiddington,2015-06-15
573,Robin,Castelli,2016-06-15
574,Ricardo,Petrollo,2017-06-15
575,Jerry,Frail,2016-06-15
576,Silvana,Whilder,2018-06-15
577,Spike,Sickert,2016-06-15
578,Pauli,Carde,2015-06-15
579,Rosalia,Blagbrough,2016-06-15
580,Jacquetta,Willerstone,2016-06-15
581,Giulietta,Hencke,2018-06-15
582,Rayner,Bates,2017-06-15
583,Stevena,Kording,2017-06-15
584,Cristobal,Fulstow,2017-06-15
585,Wilburt,Burrow,2017-06-15
586,Bing,Poupard,2017-06-15
587,Claudina,Cardenas,2015-06-15
588,Christy,Hynam,2015-06-15
589,Marigold,Jorden,2015-06-15
590,Ciro,Janisson,2018-06-15
591,Wake,Hanlin,2017-06-15
592,Modesta,Sobtka,2014-06-15
593,Nadine,Copeland,2017-06-15
594,Leo,Bayldon,2018-06-15
595,Auguste,Osichev,2017-06-15
596,Murielle,Brumen,2017-06-15
597,Ola,Wield,2018-06-15
598,Curtis,Dews,2015-06-15
599,Linnell,Hurdwell,2017-06-15
600,Rudyard,Sumpter,2017-06-15
601,Manya,Matthew,2015-06-15
602,Gert,Cade,2015-06-15
603,Massimo,Dollen,2016-06-15
604,Ami,Moorcroft,2014-06-15
605,Gan,Lavington,2014-06-15
606,Felice,Mugg,2014-06-15
607,Fern,D'Aubney,2017-06-15
608,Beulah,oldey,2015-06-15
609,Wiley,Greening,2015-06-15
610,Angil,Shulver,2015-06-15
611,Flossie,Pieroni,2016-06-15
612,Miran,Remington,2014-06-15
613,Justus,Scamerden,2017-06-15
614,Bridie,Keward,2016-06-15
615,Angy,Whicher,2017-06-15
616,Marcy,Kilbourn,2018-06-15
617,Emmalyn,Emeny,2017-06-15
618,Romonda,Fardon,2014-06-15
619,Rickard,Verma,2016-06-15
620,Hewett,Pierrepont,2017-06-15
621,Emmie,Yong,2018-06-15
622,Wald,Churly,2017-06-15
623,Ethelda,Codi,2018-06-15
624,Andie,Coyle,2017-06-15
625,Hendrika,Baukham,2017-06-15
626,Darby,Oulner,2016-06-15
627,Christean,Incogna,2015-06-15
628,Seward,Yabsley,2015-06-15
629,Adele,Alexsandrovich,2016-06-15
630,Teodora,Storry,2016-06-15
631,Rubi,Dumbare,2017-06-15
632,Adrianna,Yve,2017-06-15
633,Merralee,McHan,2017-06-15
634,Ximenes,Antony,2017-06-15
635,Giovanna,Bineham,2017-06-15
636,Livvie,Milberry,2016-06-15
637,Pepillo,Levesley,2015-06-15
638,Bink,Marven,2015-06-15
639,Rivy,Kenwyn,2018-06-15
640,Julian,Shirley,2017-06-15
641,Katrinka,Clegg,2018-06-15
642,Abba,Flewin,2015-06-15
643,Shoshanna,Sugge,2017-06-15
644,Kristy,Loughran,2018-06-15
645,Torrance,Haslegrave,2017-06-15
646,Maryrose,Aulsford,2018-06-15
647,Amandie,Nerger,2015-06-15
648,Roderigo,Blayney,2015-06-15
649,Arnuad,Reinert,2016-06-15
650,Blane,Humby,2016-06-15
651,Harmonia,Lordon,2016-06-15
652,Malia,Coners,2018-06-15
653,Elnora,Heliar,2016-06-15
654,Leoine,Bascombe,2017-06-15
655,Germain,Nockells,2015-06-15
656,Darrick,Bernasek,2017-06-15
657,Carling,Denslow,2015-06-15
658,Doroteya,McIlmurray,2015-06-15
659,Elyn,Pockey,2017-06-15
660,Patience,Emmanuel,2014-06-15
661,Ashlin,Coveny,2016-06-15
662,Fayth,Crickmore,2015-06-15
663,Kirsteni,Jagels,2014-06-15
664,Giselle,Anfrey,2018-06-15
665,Nickola,Piborn,2018-06-15
666,Nadeen,Torel,2017-06-15
667,Laney,Baish,2016-06-15
668,Josias,Knibley,2015-06-15
669,Merci,Hibling,2018-06-15
670,Tracey,Darrington,2015-06-15
671,Cyndy,Gahan,2016-06-15
672,Sascha,Seys,2014-06-15
673,Boris,Bartusek,2017-06-15
674,Opaline,Ackermann,2017-06-15
675,Kerrie,Lannon,2018-06-15
676,Malena,Wickrath,2016-06-15
677,Ilene,Ram,2014-06-15
678,Norby,Vinau,2018-06-15
679,Adam,Picardo,2016-06-15
680,Inesita,Themann,2016-06-15
681,Cornelle,Goney,2016-06-15
682,Halli,Parmby,2014-06-15
683,Ella,Brierly,2017-06-15
684,Corilla,Minithorpe,2015-06-15
685,Charissa,Twigge,2014-06-15
686,Adella,Kloser,2016-06-15
687,Florella,Henrie,2015-06-15
688,Stavros,Stonhewer,2015-06-15
689,Sheeree,Cadore,2018-06-15
690,Edin,Sobczak,2017-06-15
691,Lilah,Lyenyng,2015-06-15
692,Laurie,Roberson,2015-06-15
693,Reade,Neeson,2015-06-15
694,Aristotle,Philipp,2015-06-15
695,Flory,Lafflin,2014-06-15
696,Aggi,Szymanowski,2017-06-15
697,Sadella,Joel,2015-06-15
698,Adler,Dowell,2017-06-15
699,Silvano,Luff,2014-06-15
700,Arnaldo,Pickerell,2017-06-15
701,Dorthy,Kittredge,2016-06-15
702,Sari,Compson,2017-06-15
703,Arel,Offer,2017-06-15
704,Manda,O'Boyle,2016-06-15
705,Karena,Millimoe,2014-06-15
706,Armando,Sieghard,2016-06-15
707,Vikky,Hutson,2016-06-15
708,Silvia,Aldred,2015-06-15
709,Art,Dillicate,2016-06-15
710,Enid,Hendrickx,2017-06-15
711,Mata,Spenton,2015-06-15
712,Birgitta,Schirak,2017-06-15
713,Cacilie,Fenn,2016-06-15
714,Gail,Alldred,2016-06-15
715,Cammie,Baser,2016-06-15
716,Brander,Ziemen,2015-06-15
717,Theobald,Lanegran,2017-06-15
718,Drusilla,Merricks,2016-06-15
719,Salmon,Scarisbrick,2015-06-15
720,Jean,Loghan,2016-06-15
721,Odell,Woloschinski,2016-06-15
722,Ase,Statham,2017-06-15
723,Bink,Foxon,2016-06-15
724,Ingra,Dutch,2017-06-15
725,Genia,Spiaggia,2015-06-15
726,Merrel,Josephi,2015-06-15
727,Gabriel,Mallatratt,2017-06-15
728,Hugues,Auckland,2017-06-15
729,Davin,Yurkiewicz,2015-06-15
730,Giselbert,Astbury,2017-06-15
731,Karin,Leisman,2016-06-15
732,Spike,Penella,2017-06-15
733,Jephthah,Cuttings,2016-06-15
734,Ozzie,Hallagan,2017-06-15
735,Maybelle,Bardsley,2017-06-15
736,Hattie,Yeudall,2014-06-15
737,Falkner,McGauhy,2015-06-15
738,Corbin,Chancellor,2016-06-15
739,Gerard,Kopps,2015-06-15
740,Harold,Missington,2014-06-15
741,Rosita,Bernath,2017-06-15
742,Chris,Brood,2018-06-15
743,Micheline,Gearing,2015-06-15
744,Bianca,Sullly,2017-06-15
745,Raeann,Magrannell,2016-06-15
746,Henrieta,Rudiger,2015-06-15
747,Gerry,Pawle,2014-06-15
748,Gunar,Da Costa,2015-06-15
749,Bennett,Labitt,2015-06-15
750,Corty,Deveril,2017-06-15
751,Shelley,Andriuzzi,2016-06-15
752,Wilhelmine,Eversley,2016-06-15
753,Geri,Hollingshead,2017-06-15
754,Aarika,Cayette,2017-06-15
755,Layla,Annatt,2018-06-15
756,Teena,Jennery,2014-06-15
757,Yolanda,Fetherstonhaugh,2015-06-15
758,Erina,Clapton,2017-06-15
759,Trace,Freezer,2017-06-15
760,Vance,Lauks,2017-06-15
761,Shea,Baumaier,2017-06-15
762,Antonia,Adacot,2015-06-15
763,Kort,Albro,2016-06-15
764,Charlotte,Pursehouse,2014-06-15
765,Redd,Balcombe,2015-06-15
766,Terri-jo,Ruprecht,2015-06-15
767,Betsy,Gammage,2017-06-15
768,Karol,Corlett,2016-06-15
769,Justinn,McCurtain,2017-06-15
770,Riordan,Borless,2015-06-15
771,Tomas,Neaverson,2016-06-15
772,Averyl,MacKnocker,2017-06-15
773,Madlen,Fearnley,2015-06-15
774,Andromache,Mellor,2015-06-15
775,Pooh,Sacco,2014-06-15
776,Sarena,Rivenzon,2016-06-15
777,Katine,Candwell,2015-06-15
778,Drusilla,Cradduck,2016-06-15
779,Martina,Ockleshaw,2015-06-15
780,Drucie,Lilleman,2015-06-15
781,Daren,Kinghorn,2014-06-15
782,Tarra,Marley,2016-06-15
783,Brana,Hullett,2015-06-15
784,Sigismund,Gammon,2016-06-15
785,Herminia,Daldry,2015-06-15
786,Elbertina,Hagergham,2018-06-15
787,Chandler,Alessandone,2015-06-15
788,Elisha,Stirzaker,2016-06-15
789,Evyn,Corbet,2016-06-15
790,Bron,Banisch,2015-06-15
791,Merrill,Dayment,2017-06-15
792,Bridie,Ferrara,2014-06-15
793,Cos,Lochet,2014-06-15
794,Rossie,Orbon,2018-06-15
795,Dede,Videneev,2015-06-15
796,Kimbra,Bunker,2016-06-15
797,Frazier,Hesbrook,2014-06-15
798,Lynnell,Mularkey,2015-06-15
799,Monica,O'Crigan,2015-06-15
800,Bennie,Weaving,2015-06-15
801,Jacqui,Westby,2014-06-15
802,Joanie,Darco,2015-06-15
803,Ban,Paunton,2014-06-15
804,Seth,Haberjam,2014-06-15
805,Josephina,Rothman,2015-06-15
806,Adriana,Petrovsky,2016-06-15
807,Janette,Tarquinio,2016-06-15
808,Rabbi,Hamel,2016-06-15
809,Guthrey,Crotch,2017-06-15
810,Sansone,Lemmen,2015-06-15
811,Ricky,Jerrim,2014-06-15
812,Petrina,Waller,2017-06-15
813,Maynard,Sharer,2018-06-15
814,Rosemaria,Trethowan,2017-06-15
815,Stormy,Tolhurst,2016-06-15
816,Adi,Titt,2015-06-15
817,Vivienne,Spall,2016-06-15
818,Armin,Headings,2017-06-15
819,Audrey,Chessil,2014-06-15
820,Emmery,Prestedge,2015-06-15
821,Konstantine,Greveson,2016-06-15
822,Muffin,Eatherton,2014-06-15
823,Jinny,Goolden,2015-06-15
824,Jessamine,Annies,2017-06-15
825,Norah,Denson,2017-06-15
826,Tad,Bramwell,2015-06-15
827,Melvin,Crease,2017-06-15
828,Desmund,Ivanyukov,2014-06-15
829,Jolie,Hellyer,2016-06-15
830,Archer,Randleson,2014-06-15
831,Arel,Joslow,2015-06-15
832,Brand,Dozdill,2015-06-15
833,Royall,Blackly,2017-06-15
834,Donovan,Carillo,2017-06-15
835,Joyous,O'Logan,2016-06-15
836,Vale,Kilfeather,2016-06-15
837,Kellina,Forri,2015-06-15
838,Joann,Dagger,2015-06-15
839,Myrilla,Jain,2015-06-15
840,Sloan,Leve,2016-06-15
841,Paolina,Strognell,2015-06-15
842,Derek,De Vile,2016-06-15
843,Clint,Overil,2016-06-15
844,Felicdad,Henaughan,2017-06-15
845,Loria,Rickard,2015-06-15
846,Emlyn,Ciccottini,2017-06-15
847,Siouxie,McCalister,2017-06-15
848,Ferdie,Jacquemot,2015-06-15
849,Felicio,Ridoutt,2017-06-15
850,Marshal,Petrina,2015-06-15
851,Prentice,Millea,2015-06-15
852,Normand,Etridge,2016-06-15
853,Trista,Maseyk,2017-06-15
854,Stanly,Allatt,2016-06-15
855,Larine,Fabry,2015-06-15
856,Deni,Darlasson,2017-06-15
857,Natalie,Wethered,2015-06-15
858,Shirlee,Pyrke,2014-06-15
859,Brandy,Unwins,2018-06-15
860,Emiline,Rosendale,2016-06-15
861,Drugi,Yanez,2016-06-15
862,Steward,Verrall,2017-06-15
863,Stillmann,Ventum,2016-06-15
864,Patricia,Comins,2014-06-15
865,Ashlin,Sollars,2018-06-15
866,Benedetto,Adamov,2017-06-15
867,Dougie,Puttergill,2016-06-15
868,Maximilian,Vales,2015-06-15
869,Phoebe,Quodling,2016-06-15
870,Starlene,Mitchelmore,2018-06-15
871,Tish,De Biasi,2016-06-15
872,Vanny,Maskrey,2015-06-15
873,Emalee,Rawstorne,2014-06-15
874,Felicia,Mellmer,2016-06-15
875,Jobye,Colley,2017-06-15
876,Perri,Yu,2015-06-15
877,Darby,Groger,2014-06-15
878,Novelia,Service,2017-06-15
879,Raimundo,Andrzejewski,2015-06-15
880,Erhard,Le Grice,2017-06-15
881,Sherwood,Zavattari,2018-06-15
882,Willetta,Corson,2015-06-15
883,Mariann,Croker,2016-06-15
884,Basil,Van de Vlies,2016-06-15
885,Deeanne,Christoforou,2016-06-15
886,Kamillah,Sliman,2017-06-15
887,Syman,Kareman,2015-06-15
888,Towney,Carnilian,2015-06-15
889,Baron,Luisetti,2016-06-15
890,Menard,Langtry,2015-06-15
891,Wilmer,Measor,2016-06-15
892,Dale,Chatterton,2015-06-15
893,Izzy,Woollacott,2015-06-15
894,Claire,Openshaw,2014-06-15
895,Bryant,Browning,2017-06-15
896,Rozalin,Kendred,2015-06-15
897,Tom,Gloves,2016-06-15
898,Cyb,Burmingham,2017-06-15
899,Rurik,Henri,2018-06-15
900,Mathilda,Wathell,2015-06-15
901,Weider,Kett,2015-06-15
902,North,Lemonby,2018-06-15
903,Flossy,Swindley,2016-06-15
904,Flossy,Silberschatz,2016-06-15
905,Magdaia,Dyke,2016-06-15
906,Kirbee,Southwood,2017-06-15
907,Korry,Kennelly,2018-06-15
908,Shirlene,Creyke,2017-06-15
909,Hendrik,Lawday,2018-06-15
910,Zena,Ivatts,2017-06-15
911,Hubey,Relfe,2016-06-15
912,Lazar,Longhirst,2017-06-15
913,Valry,McVee,2015-06-15
914,Kassandra,Brydone,2018-06-15
915,Carrol,Hallyburton,2015-06-15
916,Gualterio,O'Doherty,2016-06-15
917,Morna,Kellie,2018-06-15
918,Lenard,McCurdy,2014-06-15
919,Sauncho,Landsborough,2016-06-15
920,Sullivan,Brunskill,2018-06-15
921,Susana,Sadler,2016-06-15
922,Kevina,Belvard,2017-06-15
923,Sheridan,Fawdry,2016-06-15
924,Nessie,Cready,2018-06-15
925,Barthel,Taylor,2016-06-15
926,Nathalia,Longrigg,2016-06-15
927,Bobette,Kenrick,2018-06-15
928,Filide,Arnaez,2016-06-15
929,Gar,Serot,2015-06-15
930,Merwin,O'Harney,2016-06-15
931,Carree,Kubal,2017-06-15
932,Lynda,Gorbell,2017-06-15
933,Jamaal,Constanza,2017-06-15
934,Taber,Bussens,2016-06-15
935,Isador,Maypole,2015-06-15
936,Marlowe,McQuilty,2017-06-15
937,Marcellina,Lello,2016-06-15
938,Charita,Ingyon,2015-06-15
939,Rafaelita,Boucher,2015-06-15
940,Sylas,Bezley,2014-06-15
941,Kendre,Pietruszka,2014-06-15
942,Marmaduke,Clavering,2016-06-15
943,Lezlie,Hamby,2015-06-15
944,Kalle,Roskams,2017-06-15
945,Hollie,Lorenzin,2014-06-15
946,Jessika,McClean,2016-06-15
947,Dall,Fend,2014-06-15
948,Ludvig,Piris,2016-06-15
949,Rikki,Laybourne,2018-06-15
950,Gonzales,Scherme,2016-06-15
951,Micah,Pauli,2015-06-15
952,Wheeler,Delcastel,2017-06-15
953,Cody,Freshwater,2017-06-15
954,Alva,Collen,2016-06-15
955,Patrice,Burry,2014-06-15
956,Heinrick,Sewter,2015-06-15
957,Pearle,Michiel,2017-06-15
958,Sharla,Brownlow,2015-06-15
959,Pacorro,Essel,2016-06-15
960,Gaspard,Exeter,2016-06-15
961,Reagan,Yard,2016-06-15
962,Reid,Hardaker,2016-06-15
963,Loise,Pinson,2016-06-15
964,Zebulon,Bissell,2016-06-15
965,Lona,Thorley,2016-06-15
966,Iona,Verner,2014-06-15
967,Vivian,Soutar,2016-06-15
968,Cobbie,Cutill,2017-06-15
969,Welbie,Tapin,2016-06-15
970,Wait,Kovelmann,2016-06-15
971,Meagan,Stroder,2016-06-15
972,Chick,Coull,2015-06-15
973,Tove,Champain,2016-06-15
974,Whittaker,Thiese,2017-06-15
975,Taber,Burles,2015-06-15
976,Lora,Leeman,2016-06-15
977,Royce,Orgill,2017-06-15
978,Emanuele,Yegorkov,2018-06-15
979,Garald,Salerg,2018-06-15
980,Oralee,Leglise,2016-06-15
981,Trever,Friedenbach,2018-06-15
982,Hastie,Mishow,2016-06-15
983,Erskine,Epsley,2017-06-15
984,Jo,Byers,2016-06-15
985,Junie,Selburn,2015-06-15
986,Connie,Downs,2017-06-15
987,Ruben,Brotherheed,2017-06-15
988,Magdalena,Breit,2016-06-15
989,Munmro,Warlowe,2016-06-15
990,Nonie,Markey,2017-06-15
991,Christye,Sheerman,2016-06-15
992,Abbe,Sleany,2015-06-15
993,Meggi,Peggram,2014-06-15
994,Demetre,Samudio,2014-06-15
995,Randie,Iozefovich,2017-06-15
996,Darnell,Little,2016-06-15
997,Carlotta,Byneth,2015-06-15
998,Lorne,Pariso,2016-06-15
999,Laurene,Aldington,2017-06-15
1000,Kristo,Shimman,2017-06-15
